Sales_Person_Key,Sales_Person_ID,Sales_Person,First_Name,Last_Name
1,2,Barr Faughny,Barr,Faughny
2,10,Gigi Bohling,Gigi,Bohling
3,5,Camilla Castle,Camilla,Castle
4,7,Curtice Advani,Curtice,Advani
5,18,Madelene Upcott,Madelene,Upcott
6,23,Roddy Speechley,Roddy,Speechley
7,21,Oby Sorrel,Oby,Sorrel
8,17,Kelci Walkden,Kelci,Walkden
9,24,Van Tuxwell,Van,Tuxwell
10,20,Marney O'Breen,Marney,O'Breen
11,6,Ches Bonnell,Ches,Bonnell
12,25,Wilone O'Kielt,Wilone,O'Kielt
13,19,Mallorie Waber,Mallorie,Waber
14,22,Rafaelita Blaksland,Rafaelita,Blaksland
15,12,Husein Augar,Husein,Augar
16,14,Jehu Rudeforth,Jehu,Rudeforth
17,9,Dotty Strutley,Dotty,Strutley
18,11,Gunar Cockshoot,Gunar,Cockshoot
19,1,Andria Kimpton,Andria,Kimpton
20,8,Dennison Crosswaite,Dennison,Crosswaite
21,15,Kaine Padly,Kaine,Padly
22,16,Karlen McCaffrey,Karlen,McCaffrey
23,3,Beverie Moffet,Beverie,Moffet
24,13,Jan Morforth,Jan,Morforth
25,4,Brien Boise,Brien,Boise
